	book	ode	sentence	text
0	1	1	0001	maecenas ataui edo rex o et praesidium et dulcis decus meus sum qui curriculum puluis olympicus colligo iuuo meta que feruidus euito rota palma que nobilis terra dominus eueho ad deus hic si mobilis turba quirites certo tergeminus tollo honor ille si proprius condo horreum quisquis de libycus uerro area
1	1	1	0002	gaudeo patrius findo sarculum ager attalicus condicio numquam demoueo ut trabs cyprius myrtous pauidus nauta seco mare luctor icarius fluctus africus mercator metuo otium et oppidum laudo rus suus mox reficio ratis quatio indocilis pauperies patior
2	1	1	0003	sum qui nec uetus poculum massicum nec pars solidus demo de dies sperno nunc uiridis membrum sub arbutus sterno nunc ad aqua lenis caput sacer castra multi iuuo et lituus tuba permisceo sonitus bellum que mater detestor maneo sub iuppiter frigidus uenator tener coniux immemor seu uideo _sum catulus cerua fidelis seu rumpo teres marsus aper plaga
3	1	1	0004	ego doctus hedera praemium frons deus misceo superus ego gelidus nemus nympha que leuis cum satyrus chorus secerno populus si neque tibia euterpe cohibeo nec polyhymnia lesbous refugio tendo barbitos
4	1	1	0005	quod si ego lyricus uates insero sublimis ferio sidus uertex
5	1	2	0006	iam satis terra nix atque dirus grando mitto pater et rubeo dextera sacer iaculor arx terreo urbs terreo gens grauis ne redeo saeculum pyrrha nouus monstrum queror omnis cum proteus pecus ago altus uiso mons piscis et superus genus haereo ulmus notus qui sedes sum columba et superiacio pauidus nato aequor dama
6	1	2	0007	uideo flauus tiberis retorqueo litus etruscus uiolenter unda eo deicio monumentum rex templum que uesta ilia dum sui nimius queror iacto ultor uagus et sinister labor ripa iuppiter non probo # uxorius amnis
7	1	2	0008	audio ciuis acuo ferrum qui grauis persae bene pereo audio pugna uitium parens rarus iuuentus
8	1	2	0009	quis uoco diuus populus ruo imperium res
9	1	2	0010	prex quis fatigo uirgo sanctus parum audio carmen uesta
10	1	2	0011	quis do pars scelus expio iuppiter
11	1	2	0012	tandem uenio precor nubes candeo humerus amicio augur apollo siue tu malo erycinus rideo qui iocus circum uolo et cupido siue negligo genus et nepos respicio auctor heu nimis longus satio ludus qui iuuo clamor galea que leuis acer et marsus pedes cruentus uultus in hostis siue muto iuuenis figura ales in terra imitor almus filius maia patiens uoco caesar ultor serus in caelum redeo diu que laetus intersum populus quirinus neue tu noster uitium iniquus ocior aura tollo hic magnus potius triumphus hic amo dico pater atque princeps neue sino medi equito inultus tu dux caesar
12	1	3	0013	sic tu diua potens cyprus sic frater helena lucidus sidus uentus que rego pater obstringo alius praeter iapyx nauis qui tu credo debeo uergilius finis atticus reddo incolumis precor et seruo anima dimidium meus
13	1	3	0014	ille robur et aes triplex circa pectus sum qui fragilis trux committo pelagus ratis primus nec timeo praeceps africus decerto aquilo nec tristis hyades nec rabies notus qui non arbiter hadria magnus tollo seu pono uolo fretum
14	1	3	0015	quis mors timeo gradus qui siccus oculus monstrum nato qui uideo mare turbidus et infamis scopulus acroceraunia
15	1	3	0016	nequiquam deus abscindo prudens oceanus dissociabilis terra si tamen impius non tango ratis transilio uadum
16	1	3	0017	audax omnis perpetior gens humanus ruo per ueto nefas audax iapetus genus ignis fraus malus gens infero
17	1	3	0018	post ignis aetherius domus subduco macies et nouus febris terra incumbo cohors semotus que prius tardus necessitas letum corripio gradus
18	1	3	0019	experior uacuus daedalus aer penna non homo do perrumpo acheron herculeus labor
19	1	3	0020	nihil mortalis arduum sum caelum ipse peto stultitia neque per noster patior scelus iracundus iuppiter pono fulmen
20	1	4	0021	soluo acer hiems gratus uicis uer et fauonius traho que siccus machina carina ac neque iam stabulum gaudeo pecus aut arator ignis nec pratum canus albico pruina
21	1	4	0022	iam cythereus chorus duco uenus immineo luna iungo que nympha gratia decens alternus terra quatio pes dum grauis cyclops uulcanus ardens uiso officina
22	1	4	0023	nunc decet aut uiridis nitidus caput impedio myrtus aut flos terra qui fero solutus
23	1	4	0024	nunc et in umbrosus faunus decet immolo lucus seu posco agna siue malo haedus
24	1	4	0025	pallidus mors aequus pulso pes pauper taberna rex que turris
25	1	4	0026	o beatus sestius uita summa breuis spes nos ueto incoho longus iam tu premo nox fabula que manes et domus exilis plutonius quo simul meo nec regnum uinum sortior talus nec tener lycidas miror qui caleo iuuentus nunc omnis et mox uirgo tepeo
26	1	5	0027	quis multus gracilis tu puer in rosa perfundo liquidus urgeo odor gratus pyrrha sub antrum
27	1	5	0028	quis flauus religo coma simplex munditia
28	1	5	0029	heu quotiens fides muto que deus fleo et asper niger aequor uentus emiror insolens qui nunc tu fruor credulus aureus qui semper uacuus semper amabilis spero nescius aura fallax
29	1	5	0030	miser qui intento niteo ego tabula sacer uotiuus paries indico uuidus suspendo potens uestimentum mare deus
30	1	6	0031	scribo uarius fortis et hostis uictor maeonius carmen ales qui res cumque ferox nauis aut equus miles tu dux gero
31	1	6	0032	nos agrippa neque hic dico nec grauis pelides stomachus cedo nescius nec cursus duplex per mare ulixes nec saeuus pelops domus conor tenuis grandis dum pudor imbellis que lyra musa potens ueto laus egregius caesar et tuus culpa detero ingenium
32	1	6	0033	quis mars tunica tego adamantinus digne scribo aut puluis troicus niger meriones aut ops pallas tydides superi par
33	1	6	0034	nos conuiuium nos proelium uirgo seco in iuuenis unguis acer canto uacuus siue quis uro non praeter solitum leuis
34	1	7	0035	laudo alius clarus rhodus aut mytilena aut ephesus bimaris ue corinthus moenia uel bacchus thebae uel apollo delphi insignis aut thessalus tempe sum qui unus opus sum intactus pallas urbs carmen perpetuus celebro et undique decerpo frons praepono oliua multus in iuno honor aptus dico equus argos diues que mycenae ego nec tam patiens lacedaemon nec tam larisa percutio campus opimus quam domus albunea resono et praeceps anio ac tiburnus lucus et udus mobilis pomarium riuus
35	1	7	0036	albus ut obscurus detergeo nubilum caelum saepe notus neque parturio imber perpetuo sic tu sapiens finio memini tristitia uita que labor mollis plancus merum seu tu fulgeo signum castra teneo seu densus teneo tibur umbra tuus
36	1	7	0037	teucer salamis pater que cum fugio tamen udus lyaeus tempus populeus fero uincio corona sic tristis affor amicus quo nos cumque fero bonus fortuna parens eo o socius comes que nihil despero teucer dux et auspex teucer
37	1	7	0038	certus enim promitto apollo ambiguus tellus nouus salamis sum
38	1	7	0039	o fortis malus que patior ego cum saepe uir nunc uinum pello cura cras ingens itero aequor
39	1	8	0040	lydia dico per omnis tu deus oro sybaris cur propero amo perdo cur apricus odi campus patiens puluis atque sol cur neque militaris inter aequalis equito gallicus nec lupatus tempero os frenum
40	1	8	0041	cur timeo flauus tiberis tango
41	1	8	0042	cur oliuum sanguis uiperinus caute uito neque iam liuidus gesto arma brachium saepe discus saepe trans finis iaculum nobilis expedio
42	1	8	0043	quis lateo ut marinus filius dico thetis sub lacrimosus troia funus ne uirilis cultus in caedes et lycius proripio caterua
43	1	9	0044	uideo ut altus sto nix candidus soracte nec iam sustineo onus silua laboro gelu que flumen consisto acutus
44	1	9	0045	dissoluo frigus lignum super focus large repono atque benigne depromo quadrimus sabinus o thaliarchus merum diota
45	1	9	0046	permitto diuus cetera qui simul sterno uentus aequor feruidus deproelior nec cupressus nec uetus agito ornus
46	1	9	0047	quis sum sum cras fugio quaero et qui fors dies cumque do lucrum appono nec dulcis amor sperno puer neque tu chorea donec uirens canities absum morosus
47	1	9	0048	nunc et campus et area lenis que sub nox susurrus compositus repeto hora nunc et lateo proditor interior gratus puella risus ab angulus pignus que deripio lacertus aut digitus male pertinax
48	1	10	0049	mercurius facundus nepos atlas qui ferus cultus homo recens uox formo catus et decorus mos palaestra tu cano magnus iuppiter et deus nuntius curuus que lyra parens callidus quisquis placeo iocosus condo furtum
49	1	10	0050	tu bos olim nisi reddo per dolus amoueo puer minax uox dum terreo uiduus pharetra rideo apollo
50	1	10	0051	quin et atrides dux tu superbus ilium diues priamus relinquo thessalus que ignis et iniquus troia castra fallo
51	1	10	0052	tu pius laetus anima repono sedes uirga que leuis coerceo aureus turba superi deus gratus et inferus
52	1	11	0053	tu ne quaero scio nefas quis ego quis tu finis deus do leuconoe nec babylonius tento numerus
53	1	11	0054	ut bonus quisquis sum patior
54	1	11	0055	seu multus hiems seu tribuo iuppiter ultimus qui nunc oppositus debilito pumex mare tyrrhenus sapio uinum liquo et spatium breuis spes longus reseco
55	1	11	0056	dum loquor fugio inuidus aetas carpo dies quam minimum credulus posterus
56	1	12	0057	quis uir aut heros lyra uel acer tibia sumo celebro clio
57	1	12	0058	quis deus
58	1	12	0059	quis recino iocosus nomen imago aut in umbrosus helicon ora aut super pindus gelidus ue in haemus
59	1	12	0060	unde uocalis temere insequor orpheus silua ars maternus rapidus moror flumen lapsus celer que uentus blandus et auritus fides canorus duco quercus
60	1	12	0061	quis prior dico solitus parens laus qui res homo ac deus qui mare ac terra uarius que mundus tempero hora
61	1	12	0062	unde nihil magnus genero ipse nec uigeo quisquam similis aut secundus
62	1	12	0063	propior ille tamen occupo pallas honor proelium audax
63	1	12	0064	neque tu sileo liber et saeuus inimicus uirgo bellua nec tu metuo certus phoebus sagitta
64	1	12	0065	dico et alcides puer que leda hic equus ille supero pugnus nobilis qui simul albus nauta stella refulgeo defluo saxum agito humor concido uentus fugio que nubes et minax quod sic uolo pontus unda recumbo
65	1	12	0066	romulus post hic prius an quietus pompilius regnum memoro an superbus tarquinius fascis dubito an cato nobilis letum
66	1	12	0067	regulus et scaurus anima que magnus prodigus paulus supero poenus gratus insignis refero camena fabricius que
67	1	12	0068	hic et incomptus curius capillus utilis bellum fero et camillus saeuus paupertas et auitus aptus cum lar fundus
68	1	12	0069	cresco occultus uelut arbor aeuum fama marcellus mico inter omnis iulius sidus uelut inter ignis luna paruus
69	1	12	0070	gens humanus pater atque custos orior saturnus tu cura magnus caesar fatum do tu secundus caesar regno
70	1	12	0071	ille seu parthi latium immineo ago iustus domo triumphus siue subicio oriens ora seres et indi tu paruus laetus rego aequus orbis tu grauis currus quatio olympus tu parum castus inimicus mitto fulmen lucus
71	1	13	0072	cum tu lydia telephus ceruix roseus cereus telephus laudo brachium uae meus ferueo difficilis bilis tumeo iecur
72	1	13	0073	tunc nec mens ego nec color certus sedes maneo humor et in gena furtim labor arguo quam lentus penitus macero ignis
73	1	13	0074	uro seu tu candidus turpo humerus immodicus merum rixa siue puer furens imprimo memor dens labrum nota
74	1	13	0075	non si ego satis audio spero perpetuus dulcis barbare laedo osculum qui uenus quintus pars suus nectar imbuo
75	1	13	0076	felix ter et ample qui irruptus teneo copula nec malus diuello querimonia superus cito soluo amor dies
76	1	14	0077	o nauis refero in mare tu nouus fluctus
77	1	14	0078	o quis ago
78	1	14	0079	fortiter occupo portus
79	1	14	0080	nonne uideo ut nudus remigium latus et malus celer saucius africus antenna que gemo ac sine funis uix duro carina possum imperiosus aequor
80	1	14	0081	non tu sum integer linteum non deus qui iterum premo uoco malum
81	1	14	0082	quamuis ponticus pinus silua filia nobilis iacto et genus et nomen inutilis nihil pingo timidus nauta puppis fido
82	1	14	0083	tu nisi uentus debeo ludibrium caueo
83	1	14	0084	nuper sollicitus qui ego taedium nunc desiderium cura que non leuis interfundo nitens uito aequor cyclas
84	1	15	0085	pastor cum traho per fretum nauis idaeus helena perfidus hospita ingratus celer obruo otium uentus ut cano ferus nereus fatum
85	1	15	0086	malus duco auis domus qui multus repeto graecia miles coniuro tuus rumpo nuptiae et regnum priamus uetus
86	1	15	0087	heu heu quantus equus quantus assum uir sudor quantus moueo funus dardanus gens
87	1	15	0088	iam galea pallas et aegis currus que et rabies paro
88	1	15	0089	nequiquam uenus praesidium ferox pecto caesaries gratus que femina imbellis cithara carmen diuido nequiquam thalamus grauis hasta et calamus spiculum gnosius uito strepitus que et celer sequor aiax tamen heu serus adulter crinis puluis collino
89	1	15	0090	non laertiades exitium tuus gens non pylius nestor respicio
90	1	15	0091	urgeo impauidus tu salaminius teucer tu sthenelus sciens pugna siue opus sum imperito equus non auriga piger
91	1	15	0092	meriones quoque nosco
92	1	15	0093	ecce furo tu reperio atrox tydides bonus pater qui tu ceruus ut uallis in alter uideo pars lupus gramen immemor sublimis fugio mollis anhelitus non hic polliceor tuus
93	1	15	0094	iracundus dies profero ilium matrona que phryges classis achilles post certus hiems uro achaicus ignis iliacus domus
94	1	16	0095	o mater pulcher filia pulcher qui criminosus cumque uolo modus pono iambus siue flamma siue mare libet hadrianus
95	1	16	0096	non dindymena non adytum quatio mens sacerdos incola pythius non liber aeque non acutus sic gemino corybantes aes tristis ut ira qui neque noricus deterreo ensis nec mare naufragus nec saeuus ignis nec tremendus iuppiter ipse ruo tumultus
96	1	16	0097	fero prometheus addo princeps limus cogo particula undique deseco et insanus leo uis stomachus appono noster
97	1	16	0098	ira thyestes exitium grauis sterno et altus urbs ultimus sto causa cur pereo funditus imprimo que murus hostilis aratrum exercitus insolens
98	1	16	0099	compesco mens ego quoque pectus tento in dulcis iuuenta feruor et in celer iambus mitto furens nunc ego mitis muto quaero tristis dum ego fio recanto amica opprobrium animus que reddo
99	1	17	0100	uelox amoenus saepe lucretilis muto lycaeus faunus et igneus defendo aestas capella usque meus pluuius que uentus
100	1	17	0101	impune tutus per nemus arbutus quaero lateo et thymum deuius oleo uxor maritus nec uiridis metuo colubra nec martialis haedilia lupus utcumque dulcis tyndaris fistula uallis et ustica cubo leuis persono saxum
101	1	17	0102	deus ego tueor deus pietas meus et musa cor sum
102	1	17	0103	hic tu copia mano ad plenum benignus rus honor opulentus cornu
103	1	17	0104	hic in reductus uallis canicula uito aestus et fides teius dico laboro in unus penelope uitreus que circe
104	1	17	0105	hic innocens poculum lesbium duco sub umbra nec semeleius cum mars confundo thyoneus proelium nec metuo proteruus suspicio cyrus ne male dispar incontinens inicio manus et scindo haereo corona crinis immeritus que uestis
105	1	18	0106	nullus uarus sacer uitis prius sero arbor circa mitis solum tibur et moenia catilus
106	1	18	0107	siccus omnis nam durus deus propono neque mordax aliter diffugio sollicitudo
107	1	18	0108	quis post uinum grauis militia aut pauperies crepo
108	1	18	0109	quis non tu potius bacchus pater tu que decens uenus
109	1	18	0110	ac ne quis modicus transilio munus liber centaureus moneo cum lapithae rixa super merum debello moneo sithonii non leuis euhius cum fas atque nefas exiguus finis libido discerno auidus
110	1	18	0111	non ego tu candidus bassareus inuitus quatio nec uarius obsero frons sub diuum rapio
111	1	18	0112	saeuus teneo cum berecyntius cornu tympanum qui subsequor caecus amor sui et tollo uacuus multum nimium gloria uertex arcanum que fides prodigus pellucidus uitrum
112	1	19	0113	mater saeuus cupido thebanus que iubeo ego semele puer et lasciuus licentia finio animus reddo amor
113	1	19	0114	uro ego glycera nitor splendeo parius marmor pure uro gratus proteruitas et uultus nimium lubricus aspicio
114	1	19	0115	in ego totus ruo uenus cyprus desero nec patior scythae et uerto animosus equus parthus dico nec qui nihil attineo
115	1	19	0116	hic uiuus ego caespes hic uerbena puer pono tus que bimus cum patera merum macto uenio lenis hostia
116	1	20	0117	uilis poto modicus sabinum cantharus graecus qui ego ipse testa condo lino do in theatrum cum tu plausus carus maecenas eques ut paternus flumen ripa simul et iocosus reddo laus tu uaticanus mons imago
117	1	20	0118	caecubum et prelum domo calenus tu bibo uua meus nec falernus tempero uitis neque formianus poculum collis
118	1	21	0119	diana tener dico uirgo intonsus puer dico cynthius latona que superus diligo penitus iuppiter
119	1	21	0120	uos laetus fluuius et nemus coma quicumque aut gelidus promineo algidus niger aut erymanthus silua aut uiridis cragus uos tempe totidem tollo laus natalis que mas delos apollo insignis que pharetra fraternus que humerus lyra
120	1	21	0121	hic bellum lacrimosus hic miser fames pestis que ab populus et princeps caesar in persae atque britanni uester moueo ago prex
121	1	22	0122	integer uita scelus que purus non egeo maurus iaculum neque arcus nec uenenatus grauidus sagitta fuscus pharetra siue per syrtis iter aestuosus siue facio per inhospitalis caucasus uel qui locus fabulosus lambo hydaspes
122	1	22	0123	namque ego silua lupus in sabinus dum meus canto lalage et ultra terminus cura uagor expedito fugio inermis qualis portentum neque militaris daunias latus alo aesculetum nec iuba tellus genero leo aridus nutrix
123	1	22	0124	pono ego piger ubi nullus campus arbor aestiuus recreo aura qui latus mundus nebula malus que iuppiter urgeo pono sub currus nimium propinquus sol in terra domus nego dulce rideo lalage amo dulce loquor
124	1	23	0125	uito hinnuleus ego similis chloe quaero pauidus mons auius mater non sine uanus aura et silua metus
125	1	23	0126	nam seu mobilis uer inhorresco aduentus folium seu uiridis rubus dimoueo lacerta et cor et genu tremo
126	1	23	0127	atqui non ego tu tigris ut asper gaetulus ue leo frango persequor tandem desino mater tempestiuus sequor uir
127	1	24	0128	quis desiderium sum pudor aut modus tam carus caput
128	1	24	0129	praecipio lugubris cantus melpomene qui liquidus pater uox cum cithara do
129	1	24	0130	ergo quintilius perpetuus sopor urgeo qui pudor et iustitia soror incorruptus fides nudus que ueritas quando ullus inuenio par
130	1	24	0131	multus ille boni flebilis occido nullus flebilis quam tu uergilius
131	1	24	0132	tu frustra pius heu non ita credo posco quintilius deus
132	1	24	0133	quis
133	1	24	0134	si threicius blande orpheus audio moderor arbor fides num uanus redeo sanguis imago qui uirga semel horridus non lenis prex fatum recludo niger compello mercurius grex
134	1	24	0135	durus sed leuis fio patientia quisquis corrigo sum nefas
135	1	25	0136	parce iungo quatio fenestra iactus creber iuuenis proteruus nec tu somnus adimo amo que ianua limen qui prius multum facilis moueo cardo
136	1	25	0137	audio parum et parum iam ego tuus longus pereo nox lydia dormio
137	1	25	0138	inuicem # moechus anus arrogans fleo in solus leuis angiportus thracius bacchor magis sub # interlunium uentus cum tu flagrans amor et libido qui soleo mater furio equus saeuio circa iecur ulcerosus non sine questus laetus quod pubes hedera uirens gaudeo pullus magis atque myrtus aridus frons hiems sodalis dedico eurus
138	1	26	0139	musa amicus tristitia et metus trado proteruus in mare creticus porto uentus quis sub arctus rex gelidus metuo ora quis tiridates terreo unice securus
139	1	26	0140	o qui fons integer gaudeo apricus necto flos necto meus lamia corona pimpleis dulcis
140	1	26	0141	nihil sine tu meus prosum honor hic fides nouus hic lesbius sacro plectrum tu que tuus que decet soror
141	1	27	0142	natus in usus laetitia scyphus pugno thraces sum tollo barbarus mos uerecundus que bacchus sanguineus prohibeo rixa
142	1	27	0143	uinum et lucerna medus acinaces immanis quantum discrepo impius lenio clamor sodalis et cubitum remaneo premo
143	1	27	0144	uolo seuerus ego quoque sumo pars falernum
144	1	27	0145	dico opuntius frater megylla quis beatus uulnus quis pereo sagitta
145	1	27	0146	cesso uoluntas
146	1	27	0147	non alius bibo merces
147	1	27	0148	qui tu cumque domo uenus non erubesco aduro ignis ingenuus que semper amor pecco
148	1	27	0149	quisquis habeo age depono tutus auris
149	1	27	0150	ah miser quantus laboro charybdis dignus puer bonus flamma
150	1	27	0151	quis saga quis tu soluo thessalus magus uenenum quis possum deus
151	1	27	0152	uix illigo tu triformis pegasus expedio chimaera
152	1	28	0153	tu mare et terra numerus que careo arena mensor cohibeo archytas puluis exiguus prope litus paruus matinus munus nec quisquam tu prosum aerius tento domus animus que rotundus percurro polus morior
153	1	28	0154	occido et pelops genitor conuiua deus tithonus que remoueo in aura et iuppiter arcanum minos admitto habeo que tartara panthoides iterum orcus demitto quamuis clipeus troianus refigo tempus testor nihil ultra neruus atque cutis mors concedo ater iudex tu non sordidus auctor natura uerum que
154	1	28	0155	sed omnis unus maneo nox et calco semel uia letum
155	1	28	0156	do alius furia toruus spectaculum mars exitium sum auidus mare nauta misceo senex ac iuuenis denseo funus nullus saeuus caput proserpina fugio
156	1	28	0157	ego quoque deuexus rapidus comes orion illyricus notus obruo unda
157	1	28	0158	at tu nauta uagus ne parco malignus arena os et caput inhumatus particula do sic quicumque minor eurus fluctus hesperius uenusinus plecto silua tu sospes multus que merces unde possum tu defluo aequus ab iuppiter neptunus que sacer custos tarentum
158	1	28	0159	negligo immeritus noceo postmodo tu nascor fraus committo
159	1	28	0160	fors et debeo ius uicis que superbus tu maneo ipse prex non linquo inultus tu que piaculum nullus resoluo
160	1	28	0161	quamquam festino non sum mora longus licet inicio ter puluis curro
161	1	29	0162	iccius beatus nunc arabes inuideo gaza et acer militia paro non ante deuinco sabaea rex horribilis que medus necto catena
162	1	29	0163	quis tu uirgo sponsus neco barbarus seruio puer quis ex aula capillus ad cyathus statuo ungo doceo sagitta tendo sericus arcus paternus
163	1	29	0164	quis nego arduus pronus relabor possum riuus mons et tiberis reuertor cum tu coemo undique nobilis liber panaetius socraticus et domus muto lorica iberus polliceor bonus tendo
164	1	30	0165	o uenus regina cnidus paphus que sperno diligo cyprus et uoco tus tu multus glycera decorus transfero in aedes
165	1	30	0166	feruidus tu cum puer et solutus gratia zona propero que nympha et parum comis sine tu iuuentas mercurius que
166	1	31	0167	quis dedico posco apollo uates
167	1	31	0168	quis oro de patera nouus fundo liquor
168	1	31	0169	non opimus sardinia seges ferax non aestuosus gratus calabria armentum non aurum aut ebur indicus non rus qui liris quietus mordeo aqua taciturnus amnis
169	1	31	0170	premo calenus falx qui do fortuna uitis diues ut aureus mercator exsicco culullus uinum syrus reparo merx deus carus ipse quippe ter et quater annus reuiso aequor atlanticus impune
170	1	31	0171	ego pasco oliua ego cichorium leuis que malua
171	1	31	0172	fruor paratus et ualidus ego latous dono et precor integer cum mens nec turpis senecta dego nec cithara careo
172	1	32	0173	poscimus si quis uacuus sub umbra ludo tu cum qui et hic in annus uiuo et multus age dico latinus barbitos carmen lesbius primum modulor ciuis qui ferox bellum tamen inter arma siue iacto religo udus litus nauis liber et musa uenus que et ille semper haereo puer cano et lycus niger oculus niger que crinis decorus
173	1	32	0174	o decus phoebus et daps superus gratus testudo iuppiter o labor dulcis lenimen ego cumque salueo rite uoco
174	1	33	0175	albius ne doleo multum nimium memor immitis glycera neue miserabilis decanto elegi cur tu iuuenis laedo praeniteo fides
175	1	33	0176	insignis tenuis frons lycoris cyrus torreo amor cyrus in asper declino pholoe sed # apulus iungo caprea lupus priusquam turpis pholoe pecco adulter
176	1	33	0177	sic uideo uenus qui placeo impar forma atque animus sub iugum aeneus saeuus mitto cum iocus
177	1	33	0178	ipse ego bonus cum peto uenus gratus detineo compes myrtale libertina fretum acer hadria curuo calaber sinus
178	1	34	0179	parcus deus cultor et infrequens insanio dum sapientia consultus erro nunc retrorsum uelum do atque itero cursus cogo relinquo
179	1	34	0180	namque diespiter ignis coruscus nubilum diuido plerumque per purus tono ago equus uolucer que currus qui brutus tellus et uagus flumen qui styx et inuisus horridus taenarus sedes atlanteus que finis concutio
180	1	34	0181	ualeo imum summum muto et insignis attenuo deus obscurum promo hinc apex rapax fortuna cum stridor acutus tollo hic pono gaudeo
181	1	35	0182	o diua gratus qui rego antium praesens uel inferus tollo de gradus mortalis corpus uel superbus uerto funus triumphus tu pauper ambio sollicitus prex rus colonus tu domina aequor quicumque bithynus lacesso carpathius pelagus carina tu dacus asper tu profugus scythae urbs que gens que et latium ferox rex que mater barbarus et purpureus metuo tyrannus iniuriosus ne pes proruo sto columna neue populus frequens ad arma cesso ad arma concito imperium que frango
182	1	35	0183	tu semper anteeo saeuus necessitas clauus trabalis et cuneus manus gesto aenus nec seuerus uncus absum liquidus que plumbum tu spes et albus rarus fides colo uelo pannus nec comes abnego utcumque muto potens uestis domus inimicus linquo at uulgus infidus et meretrix retro periurus cedo diffugio cadus cum faex sicco amicus fero iugum pariter dolosus seruo eo caesar in ultimus orbis britanni et iuuenis recens examen eous timeo pars oceanus que ruber
183	1	35	0184	heu heu cicatrix et scelus pudeo frater que
184	1	35	0185	quis nos durus refugio aetas
185	1	35	0186	quis intactus nefastum linquo
186	1	35	0187	unde manus iuuentus metus deus contineo
187	1	35	0188	quis parco ara
188	1	35	0189	o utinam nouus incus diffingo retusus in massagetae arabes que ferrum
189	1	36	0190	et tus et fides iuuo placo et uitulus sanguis debeo custos numida deus qui nunc hesperia sospes ab ultimus carus multus sodalis nullus multus tamen diuido osculum quam dulcis lamia memor ago non alius rex pueritia muto que simul toga
190	1	36	0191	cressus ne careo pulcher dies nota neue promo modus amphora neue mos in salius sum requies pes neue multus damalis merum bassus threicius uinco amystis neue desum epulae rosa neue uiuax apium neue breuis lilium
191	1	36	0192	omnis in damalis putris depono oculus nec damalis nouus diuello adulter lasciuus hedera ambitiosus
192	1	37	0193	nunc sum bibo nunc pes liber pulso tellus nunc saliaris orno puluinar deus tempus sum daps sodalis
193	1	37	0194	antehac nefas depromo caecubum cella auitus dum capitolium regina demens ruina funus et imperium paro contamino cum grex turpis morbus uir quilibet impotens spero fortuna que dulcis ebrius
194	1	37	0195	sed minuo furor uix unus sospes nauis ab ignis mens que lympho mareoticum redigo in uerus timor caesar ab italia uolo remus adurgeo accipiter uelut mollis columba aut lepus citus uenator in campus niualis haemonia do ut catena fatalis monstrum qui generose pereo quaero nec muliebriter expauesco ensis nec lateo classis citus reparo ora audeo et iaceo uiso regia uultus serenus fortis et asper tracto serpens ut ater corpus combibo uenenum delibero mors ferox saeuus liburni scilicet inuideo priuatus deduco superbus non humilis mulier triumphus
195	1	38	0196	persicus odi puer apparatus displiceo necto philyra corona mitto sector rosa quis locus serus moror
196	1	38	0197	simplex myrtus nihil allaboro sedulus curo neque tu minister dedecet myrtus neque ego sub artus uitis bibo
197	2	1	0198	motus ex metellus consul ciuicus bellum que causa et uitium et modus ludus que fortuna grauis que princeps amicitia et arma nondum expio ungo cruor periculosus plenus opus alea tracto et incedo per ignis suppono cinis dolosus
198	2	1	0199	paulum seuerus musa tragoedia desum theatrum mox ubi publicus res ordino grandis munus cecropius repeto cothurnus insignis maestus praesidium reus et consulo pollio curia qui laurus aeternus honor dalmaticus pario triumphus
199	2	1	0200	iam nunc minax murmur cornu perstringo auris iam lituus strepo iam fulgor arma fugax terreo equus eques que uultus
200	2	1	0201	audio magnus iam uideo dux non indecorus puluis sordidus et cunctus terra subigo praeter atrox animus cato
201	2	1	0202	iuno et deus quisquis amicus afri inultus cedo impotens tellus uictor nepos refero inferiae iugurtha
202	2	1	0203	quis non latinus sanguis pinguis campus sepulcrum impius proelium testor audio que medi hesperius sonitus ruina
203	2	1	0204	quis gurges aut quis flumen lugubris ignarus bellum
204	2	1	0205	quis mare daunius non decoloro caedes
205	2	1	0206	quis careo ora cruor noster
206	2	1	0207	sed ne relinquo musa procax iocus ceus retracto munus nenia ego cum dionaeus sub antrum quaero modus leuis plectrum
207	2	2	0208	nullus argentum color sum auarus abdo terra inimicus lamina crispus sallustius nisi temperatus splendeo usus
208	2	2	0209	uiuo extendo proculeius aeuum notus in frater animus paternus ille ago penna metuo soluo fama superstes
209	2	2	0210	late regno auidus domo spiritus quam si libya remotus gades iungo et uterque poenus seruio unus cresco indulgens sui dirus hydrops nec sitis pello nisi causa morbus fugio uena et aquosus albus corpus languor
210	2	2	0211	reddo cyrus solium phraates dissideo plebs numerus beatus eximo uirtus populus que falsus dedoceo utor uox regnum et diadema tutus defero unus proprius que laurus quisquis ingens oculus irretortus specto aceruus
211	2	3	0212	aequus memini res in arduus seruo mens non secus in bonus ab insolens temperatus laetitia morior dellius seu maestus omnis tempus uiuo seu tu in remotus gramen per dies festus reclino beo interior nota falernum
212	2	3	0213	quo pinus ingens albus que populus umbra hospitalis consocio amo ramus
213	2	3	0214	quis obliquus laboro lympha fugax trepido riuus
214	2	3	0215	huc uinum et unguentum et nimium breuis flos amoenus fero iubeo rosa dum res et aetas et soror filum tres patior ater
215	2	3	0216	cedo coemo saltus et domus uilla que flauus qui tiberis lauo cedo et exstruo in altum diuitiae potior heres
216	2	3	0217	diues ne priscus nascor ab inachus nihil intersum an pauper et inferus de gens sub diuum moror uictima nihil miseror orcus omnis eodem cogo omnis uerso urna sero ociter sors exeo et nos in aeternus exsilium impono cymba
217	2	4	0218	ne sum ancilla tu amor pudor xanthias phoceus prius insolens serua briseis niueus color moueo achilles moueo aiax telamon nascor forma captiua dominus tecmessa ardeo atrides medius in triumphus uirgo rapio barbarus postquam cado turma thessalus uictor et adimo hector trado fessus leuis tollo pergama graii
218	2	4	0219	nescio an tu gener beatus phyllis flauus decoro parens regius certe genus et penates maereo iniquus
219	2	4	0220	credo non ille tu de scelestus plebs deligo neque sic fidelis sic lucrum auersus possum nascor mater pudendus
220	2	4	0221	brachium et uultus teres que sura integer laudo fugio suspicor qui octauus trepido aetas claudo lustrum
221	2	5	0222	nondum subigo fero iugum ualeo ceruix nondum munia compar aequo nec taurus ruo in uenus tolero pondus
222	2	5	0223	circa uirens sum animus tuus campus iuuenca nunc fluuius grauis solor aestus nunc in udus ludo cum uitulus salictum praegestio
223	2	5	0224	tollo cupido immitis uua iam tu liuidus distinguo autumnus racemus purpureus uarius color
224	2	5	0225	iam tu sequor curro enim ferox aetas et ille qui tu demo appono annus iam proteruus frons peto lalage maritus diligo quantum non pholoe fugax non chloris albus sic humerus niteo ut purus nocturnus renideo luna mare cnidius ue gyges qui si puella insero chorus mire sagax fallo hospes discrimen obscurus solutus crinis ambiguus que uultus
225	2	6	0226	septimius gades adeo ego cum et cantaber indoctus iugum fero noster et barbarus syrtis ubi maurus semper aestuo unda tibur argeus pono colonus sum meus sedes utinam senecta sum modus lassus mare et uia militia que
226	2	6	0227	unde si parca prohibeo iniquus dulcis pellitus ouis galaesus flumen et regno peto lacon rus phalanthus
227	2	6	0228	ille terra ego praeter omnis angulus rideo ubi non hymettus mel decedo uiridis que certo bacca uenafrum uer ubi longus tepidus que praebeo iuppiter bruma et amicus aulon fertilis bacchus minimum falernus inuideo uua
228	2	6	0229	ille tu ego cum locus et beatus postulo arx ibi tu caleo debeo spargo lacrima fauilla uates amicus
229	2	7	0230	o saepe ego cum tempus in ultimus deduco brutus militia dux quis tu redono quiris deus patrius italus que caelum pompeius meus primus sodalis cum qui moror saepe dies merum frango corono nitens malobathron syrius capillus
230	2	7	0231	tu cum philippi et celer fuga sentio relinquo non bene parmula cum frango uirtus et minax turpis solum tango mentum sed ego per hostis mercurius celer densus paueo tollo aer tu rursus in bellum resorbeo unda fretum fero aestuosus
231	2	7	0232	ergo obligo reddo iuppiter daps longus que fessus militia latus depono sub laurus meus nec parco cadus tu destino
232	2	7	0233	obliuiosus leuis massicum ciborium expleo fundo capax unguentum de concha
233	2	7	0234	quis udus depropero apium corona curo ue myrtus
234	2	7	0235	quis uenus arbiter dico bibo
235	2	7	0236	non ego sane bacchor edoni recipio dulcis ego furo sum amicus
236	2	8	0237	ullus si ius tu peiero poena barine noceo umquam dens si niger fio uel unus turpis unguis credo sed tu simul obligo perfidus uotum caput enitesco pulcher multo iuuenis que prodeo publicus cura
237	2	8	0238	expedio mater cinis operio fallo et totus taciturnus nox signum cum caelum gelidus que diuus mors careo
238	2	8	0239	rideo hic inquio uenus ipse rideo simplex nympha ferus et cupido semper ardens acuo sagitta cos cruentus
239	2	8	0240	addo quod pubes tu cresco omnis seruitus cresco nouus nec prior impius tectum domina relinquo saepe minor
240	2	8	0241	tu suus mater metuo iuuencus tu senex parcus miser que nuper uirgo nubo tuus ne retardo aura maritus
241	2	9	0242	non semper imber nubes hispidus mano in ager aut mare caspius uexo inaequalis procella usque nec armenius in ora amicus ualgius sto glacies iners mensis per omnis aut aquilo querquetum garganus laboro et folium uiduo ornus tu semper urgeo flebilis modus mystes adimo nec tu uesper surgo decedo amor nec rapidus fugio sol
242	2	9	0243	at non ter aeuum fungor amabilis ploro omnis antilochus senex annus nec impubes parens troilus aut phrygius soror fleo semper
243	2	9	0244	desino mollis tandem querela et potius nouus canto augustus tropaeum caesar et rigidus niphates medus que flumen gens addo uinco paruus uoluo uertex intra que praescriptum geloni exiguus equito campus
244	2	10	0245	recte uiuo licinius neque altum semper urgeo neque dum procella cautus horresco nimium premo litus iniquus
245	2	10	0246	aureus quisquis mediocritas diligo tutus careo obsoletus sordes tectum careo inuideo sobrius aula
246	2	10	0247	saepe uentus agito ingens pinus et celsus grauis casus decido turris ferio que superus fulgur mons
247	2	10	0248	spero infestus metuo secundus alter sors bene praeparatus pectus informis hiems reduco iuppiter idem submoueo non si male nunc et olim sic sum quondam cithara taceo suscito musa neque semper arcus tendo apollo
248	2	10	0249	res angustus animosus atque fortis appareo sapienter idem contraho uentus nimium secundus turgidus uelum
249	2	11	0250	quis bellicosus cantaber et scythes hirpinus quinctius cogito hadria diuido obicio remitto quaero nec trepido in usus posco aeuum paucus
250	2	11	0251	fugio retro leuis iuuentas et decor aridus pello lasciuus amor canities facilis que somnus non semper idem flos sum honor uernus neque unus luna rubens niteo uultus quis aeternus paruus consilium animus fatigo
251	2	11	0252	cur non sub altus uel platanus uel hic pinus iaceo sic temere et rosa canus odoro capillus dum licet assyrius que nardus poto ungo
252	2	11	0253	dissipo euhius cura edax
253	2	11	0254	quis puer ociter restinguo ardens falernum poculum praetereo lympha
254	2	11	0255	quis deuius scortum elicio domus lyde
255	2	11	0256	eburneus dico age cum lyra maturo in como lacaena mos coma religo nodus
256	2	12	0257	nolo longus ferus bellum numantia nec durus hannibal nec siculus mare poenus purpureus sanguis mollis apto cithara modus nec saeuus lapithae et nimius merum hylaeus domo que herculeus manus tellus iuuenis unde periculum fulgens contremo domus saturnus uetus tu que pedester dico historia proelium caesar maecenas bene duco que per uia rex collum minax
257	2	12	0258	ego dulcis domina musa licymnia cantus ego uolo dico lucidum fulgens oculus et bene mutuus fidus pectus amor qui nec fero pes dedecet chorus nec certo iocus nec do brachium ludo nitidus uirgo sacer diana celeber dies
258	2	12	0259	num tu qui teneo diues achaemenes aut pinguis phrygia mygdonius ops permuto uolo crinis licymnia plenus aut arabes domus cum flagro detorqueo ad osculum ceruix aut facilis saeuitia nego qui posco magis gaudeo eripio interdum rapio occupo
259	2	13	0260	ille et nefastus tu pono dies quicumque primum et sacrilegus manus produco arbor in nepos pernicies opprobrium que pagus ille et parens credo suus frango ceruix et penetrale spargo nocturnus cruor hospes ille uenenum colchus et quisquis usquam concipio nefas tracto ager qui statuo meus tu tristis lignum tu caducus in dominus caput immerens
260	2	13	0261	quis quisque uito numquam homo satis caueo _sum in hora
261	2	13	0262	nauta bosporus poenus perhorresco neque ultra caecus timeo aliunde fatum miles sagitta et celer fuga parthus catena parthus et italus robur sed improuisus letum uis rapio rapio que gens
262	2	13	0263	quam paene furuus regnum proserpina et iudico uideo aeacus sedes que discerno pius et aeolius fides queror sappho puella de popularis et tu sono plene aureus alcaeus plectrum durus nauis durus fuga malum durus bellum
263	2	13	0264	uterque sacer dignus silentium miror umbra dico sed magis pugna et exigo tyrannus densus humerus bibo auris uulgus
264	2	13	0265	quis mirus ubi ille carmen stupeo demitto ater bellua centiceps auris et intorqueo capillus eumenides recreo anguis
265	2	13	0266	quin et prometheus et pelops parens dulcis labor decipio sonus nec curo orion leo aut timidus agito lynx
266	2	14	0267	eheu fugax postumus postumus labor annus nec pietas mora ruga et insto senecta affero indomitus que mors non si trecenus quotquot eo dies amicus placo illacrimabilis pluton taurus qui ter amplus geryon tityus que tristis compesco unda scilicet omnis quicumque terra munus uescor enauigo siue rex siue inops sum colonus
267	2	14	0268	frustra cruentus mars careo frango que raucus fluctus hadria frustra per autumnus noceo corpus metuo auster uiso ater flumen languidus cocytus erro et danaus genus infamis damno que longus sisyphus aeolides labor linquo tellus et domus et placeo uxor neque hic qui colo arbor tu praeter inuisus cupressus ullus breuis dominus sequor
268	2	14	0269	absumo heres caecubum dignus seruo centum clauis et merum tingo pauimentum superbus pontifex potis cena
269	2	15	0270	iam paucus aratrum iugerum regius moles relinquo undique late extentus uiso lucrinus stagnum lacus platanus que caelebs euinco ulmus
270	2	15	0271	tum uiolarium et myrtus et omnis copia naris spargo oliuetum odor fertilis dominus prior tum spissus ramus laurea feruidus excludo ictus
271	2	15	0272	non ita romulus praescribo et intonsus cato auspicium ueteres que norma priuatus ille census sum breuis communis magnus nullus decempeda meto priuatus opacus porticus excipio arctus nec fortuitus sperno caespes lex sino oppidum publicus sumptus iubeo et deus templum nouus decoro saxum
272	2	16	0273	otium diuus rogo in patens prehendo aegaeum simul ater nubes condo luna neque certus fulgeo sidus nauta otium bellum furiosus thraca otium medi pharetra decorus grosphus non gemma neque purpura # uenalis neque aurum
273	2	16	0274	non enim gaza neque consularis submoueo lictor miser tumultus mens et cura laqueo circum tectum uolo
274	2	16	0275	uiuo paruum bene qui paternus splendeo in mensa tenuis salinum nec leuis somnus timor aut cupido sordidus aufero
275	2	16	0276	quis breuis fortis iaculor aeuum multus
276	2	16	0277	quis terra alius caleo sol muto
277	2	16	0278	patria quis exsul sui quoque fugio
278	2	16	0279	scando aeratus uitiosus nauis cura nec turma eques relinquo ocior ceruus et ago nimbus ocior eurus
279	2	16	0280	laetus in praesens animus qui ultra sum odi curo et amara lentus tempero risus nihil sum ab omnis pars beatus
280	2	16	0281	aufero clarus citus mors achilles longus tithonus minuo senectus et ego forsan tu qui nego porrigo hora
281	2	16	0282	tu grex centum siculus que # circummugio uacca tu tollo hinnitus aptus quadriga equa tu bis afer murex tingo uestio lana ego paruus rus et spiritus graius tenuis camena parca non mendax do et malignus sperno uulgus
282	2	17	0283	cur ego querela exanimo tuus
283	2	17	0284	nec deus amicus sum nec ego tu prius obeo maecenas meus grandis decus columen que res
284	2	17	0285	ah tu meus si pars anima rapio maturus uis quis moror alter nec carus aeque nec superstes integer
285	2	17	0286	ille dies uterque duco ruina
286	2	17	0287	non ego perfidus dico sacramentum eo eo utcumque praecedo superus carpo iter comes paratus
287	2	17	0288	ego nec chimaera spiritus igneus nec si resurgo centimanus gyges diuello umquam sic potens iustitia placeo que parca
288	2	17	0289	seu libra seu ego scorpius aspicio formidolosus pars uiolentus natalis hora seu tyrannus hesperius capricornus unda uterque nos incredibilis modus consentio astrum tu iuppiter impius tutela saturnus refulgeo eripio uolucer que fatum tardo ala cum populus frequens laetus theatrum ter crepo sonus ego truncus illabor cerebrum tollo nisi faunus ictus dextera leuo mercurialis custos uir
289	2	17	0290	reddo uictima aedes que uotiuus memini nos humilis ferio agna
290	2	18	0291	non ebur neque aureus meus renideo in domus lacunar non trabs hymettius premo columna ultimus recido africa neque attalus ignotus heres regia occupo nec laconicus ego traho honestus purpura clienta
291	2	18	0292	at fides et ingenium benignus uena sum pauper que diues ego peto nihil supra deus lacesso nec potens amicus largus flagito satis beatus unicus sabinus
292	2	18	0293	trudo dies dies nouus que pergo intereo luna tu seco marmor loco sub ipse funus et sepulcrum immemor struo domus mare que baiae obstrepo urgeo submoueo litus parum locuples continens ripa quis quod usque propior reuello ager terminus et ultra limes cliens salio auarus
293	2	18	0294	pello paternus in sinus fero deus et uxor et uir sordidus que natus
294	2	18	0295	nullus certus tamen rapax orcus finis destinatus aula diues maneo herus
295	2	18	0296	quis ultra tendo
296	2	18	0297	aequus tellus pauper recludo rex que puer nec satelles orcus callidus prometheus reueho aurum capio
297	2	18	0298	hic superbus tantalus atque tantalus genus coerceo hic leuo fungor pauper labor uoco atque non uoco audio
298	2	19	0299	bacchus in remotus carmen rupes uideo doceo credo posteri nympha que disco et auris capripes satyrus acutus
299	2	19	0300	euoe recens mens trepido metus plenus que bacchus pectus turbidum laetor euoe parco liber parco grauis metuo thyrsus
300	2	19	0301	fas peruicax sum ego thyas uinum que fons lac et uber canto riuus atque truncus labor cauus itero mel fas et beatus coniux addo stella honor tectum que pentheus disicio non lenis ruina thrax et exitium lycurgus
301	2	19	0302	tu flecto amnis tu mare barbarus tu separatus uuidus in iugum nodus coerceo uiperinus bistonides sine fraus crinis
302	2	19	0303	tu cum parens regnum per arduum cohors gigas scando impius rhoetus retorqueo leo unguis horribilis que mala quamquam chorea aptus et iocus ludus que dico non satis idoneus pugna fero sed idem pax sum medius que bellum
303	2	19	0304	tu uideo insons cerberus aureus cornu decorus leniter attero cauda et recedo trilinguis os pes tango que crus
304	2	20	0305	non usitatus nec tenuis fero penna biformis per liquidus aether uates neque in terra moror longe inuidia que magnus urbs relinquo
305	2	20	0306	non ego pauper sanguis parens non ego qui uoco dilectus maecenas obeo nec stygius cohibeo unda
306	2	20	0307	iamiam # resido crus asper pellis et albus muto in ales superne nascor que leuis per digitus humerus que pluma
307	2	20	0308	iam daedaleus notus icarus uiso gemo litus bosporus syrtis que gaetulus canorus ales hyperboreus que campus ego colchus et qui dissimulo metus marsus cohors dacus et ultimus nosco geloni ego peritus disco iber rhodanus que potor
308	2	20	0309	absum inanis funus nenia luctus que turpis et querimonia compesco clamor ac sepulcrum mitto superuacuus honor
309	3	1	0310	odi profanus uulgus et arceo
310	3	1	0311	faueo lingua carmen non prius audio musa sacerdos uirgo puer que canto
311	3	1	0312	rex timeo in proprius grex rex in ipse imperium sum iuppiter clarus giganteus triumphus cunctus supercilium moueo
312	3	1	0313	sum ut uir uir late ordino arbustum sulcus hic generosus descendo in campus petitor mos hic bonus que fama contendo ille turba cliens sum magnus aequus lex necessitas sortior insignis et inferus omnis capax moueo urna nomen
313	3	1	0314	destringo ensis qui super impius ceruix pendeo non siculus daps dulcis elaboro sapor non auis cithara que cantus somnus reduco somnus agrestis lenis uir non humilis domus fastidio umbrosus que ripa non zephyrus agito tempe
314	3	1	0315	desidero qui satis sum neque tumultuosus sollicito mare nec saeuus arcturus cado impetus aut orior haedus non uerbero grando uinea fundus que mendax arbor nunc aqua culpo nunc torreo ager sidus nunc hiems iniquus
315	3	1	0316	contraho piscis aequor sentio iacio in altum moles huc frequens caementum demitto redemptor cum famulus dominus que terra fastidiosus sed timor et minae scando eodem quo dominus neque decedo aeratus triremis et post eques sedeo ater cura
316	3	1	0317	quod si doleo nec phrygius lapis nec purpura sidus clarus delenio usus nec falernus uitis achaemenius que costum cur inuideo postis et nouus sublimis ritus molior atrium
317	3	1	0318	cur uallis permuto sabinus diuitiae operosus
318	3	2	0319	angustus amice pauperies patior robustus acer militia puer condisco et parthi ferox uexo eques metuo hasta uita que sub diuum et trepidus ago in res
319	3	2	0320	ille ex moenia hosticus matrona bello tyrannus prospicio et adultus uirgo suspiro eheu ne rudis agmen sponsus lacesso regius asper tango leo qui cruentus per medius rapio ira caedes
320	3	2	0321	dulcis et decorus sum pro patria morior mors et fugax persequor uir nec parco imbellis iuuenta poples timidus que tergum
321	3	2	0322	uirtus repulsa nescius sordidus intaminatus fulgeo honor nec sumo aut pono securis arbitrium popularis aura uirtus recludo immeritus morior caelum nego tento iter uia coetus que uulgaris et udus sperno humus fugio penna
322	3	2	0323	sum et fidelis tutus silentium merces ueto qui ceres sacrum uulgo arcanus sub idem sum trabs fragilis que ego cum soluo phaselus saepe diespiter negligo incestus addo integer raro antecedo scelestus desero pes poena claudus
323	3	3	0324	iustus et tenax propositum uir non ciuis ardor prauus iubeo non uultus insto tyrannus mens quatio solidus neque auster dux inquietus turbidus hadria nec fulmino magnus manus iuppiter si frango illabor orbis impauidus ferio ruina
324	3	3	0325	hic ars pollux et uagus hercules enitor arx attingo igneus qui inter augustus recumbo purpureus bibo os nectar hic tu mereor bacchus pater tuus ueho tigris indocilis iugum collum traho hic quirinus mars equus acheron fugio gratus eloquor consilior iuno diuus ilium ilium fatalis incestus que iudex et mulier peregrinus uerto in puluis ex qui destituo deus merces paciscor laomedon ego castus que damno minerua cum populus et dux fraudulentus
325	3	3	0326	iam nec lacaena splendeo adulter famosus hospes nec priamus domus periurus pugnax achiui hectoreus ops refringo noster que duco seditio bellum resido protinus et grauis ira et inuisus nepos troicus qui pario sacerdos mars redono
326	3	3	0327	ille ego lucidus ineo sedes disco nectar sucus et ascribo quietus ordo patior deus
327	3	3	0328	dum longus inter saeuio ilium roma que pontus quilibet exsul in pars regno beatus dum priamus paris que bustum insulto armentum et catulus fera celo inultus sto capitolium fulgeo triumpho que possum roma ferox do ius medi
328	3	3	0329	horrendus late nomen in ultimus extendo ora qua medius liquor secerno europa ab afer qua tumidus rigo aruum nilus
329	3	3	0330	aurum irrepertus et sic bene situs cum terra celo sperno fortis quam cogo humanus in usus omnis sacrum rapio dextera quicumque mundus terminus obsto hic tango arma uiso gestio quis pars debacchor ignis quis nebula pluuius que ros
330	3	3	0331	sed bellicosus fatum quiris hic lex dico ne nimium pius res que fido auitus tectum uolo reparo troia
331	3	3	0332	troia renascor ales lugubris fortuna tristis clades itero duco uictrix caterua coniux ego iuppiter et soror
332	3	3	0333	ter si resurgo murus aeneus auctor phoebus ter pereo meus excido argiui ter uxor capio uir puer que ploro
333	3	3	0334	non hic iocosus conuenio lyra
334	3	3	0335	quo musa tendo
335	3	3	0336	desino peruicax refero sermo deus et magnus modus tenuo paruus
336	3	4	0337	descendo caelum et dico age tibia regina longus calliope melos seu uox nunc malo acutus seu fides cithara ue phoebus
337	3	4	0338	audio
338	3	4	0339	an ego ludo amabilis insania
339	3	4	0340	audio et uideo pius erro per lucus amoenus qui et aqua subeo et aura
340	3	4	0341	ego fabulosus uultur in apulus nutrix extra limen pullia ludus fatigo que somnus frons nouus puer palumbes tego mirus qui sum omnis quicumque celsus nidus acheruntia saltus que bantinus et aruum pinguis teneo humilis ferentum ut tutus ab ater corpus uipera dormio et ursus ut premo sacer laurus que confero que myrtus non sine deus animosus infans
341	3	4	0342	uester camenae uester in arduus tollo sabini seu ego frigidus praeneste seu tibur supinus seu liquidus placeo baiae
342	3	4	0343	uester amicus fons et chorus non ego philippi uerto acies retro deuotus non exstinguo arbor nec siculus palinurus unda
343	3	4	0344	utcumque ego cum uos sum libens insanio nauta bosporus tento et uro arena litus assyrius uiator uiso britanni hospes ferus et laetus equinus sanguis concanus uiso pharetratus geloni et scythicus inuiolatus amnis
344	3	4	0345	uos caesar altus militia simul fessus cohors abdo oppidum finio quaero labor pierius recreo antrum uos lenis consilium et do et do gaudeo almus
345	3	4	0346	scio ut impius titan immanis que turba fulmen tollo caducus qui terra iners qui mare tempero uentosus et urbs regnum que tristis diuus que mortalis que turma imperium rego unus aequus
346	3	4	0347	magnus ille terror infero iuppiter fido iuuentus horridus brachium frater que tendo opacus pelion impono olympus
347	3	4	0348	sed quis typhoeus et ualidus mimas aut quis minax porphyrion status quis rhoetus euello que truncus enceladus iaculator audax contra sono pallas aegis possum ruo
348	3	4	0349	hinc auidus sto uulcanus hinc matrona iuno et numquam humerus pono arcus qui ros purus castalia lauo crinis solutus qui lycia teneo dumetum natalis que silua delius et patareus apollo
349	3	4	0350	uis consilium expers moles ruo suus uis temperatus deus quoque proueho in magnus idem odi uis omnis nefas animus moueo
350	3	4	0351	testis meus centimanus gyges sententia notus et integer temptator orion diana uirgineus domo sagitta
351	3	4	0352	inicio monstrum terra doleo suus maereo que partus fulmen luridus mitto ad orcus nec peredo impono celer ignis aetna incontinens nec tityus iecur relinquo ales nequitia addo custos amator trecenti pirithous cohibeo catena
352	3	5	0353	caelum tono credo iuppiter regno praesens diuus habeo augustus adicio britanni imperium grauis que persae
353	3	5	0354	miles ne crassus coniux barbarus turpis maritus uiuo et hostis pro curia inuerto que mos consenesco socer in arma sub rex medus marsus et apulus ancile et nomen et toga obliuiscor aeternus que uesta incolumis iuppiter et urbs roma
354	3	5	0355	hic caueo mens prouidus regulus dissentio condicio foedus et exemplum traho pernicies uenio in aeuum si non pereo immiserabilis captiuus pubes signum ego punicus affigo delubrum et arma miles sine caedes dico deripio uideo uideo ego ciuis retorqueo tergum brachium liber porta que non claudo et aruum mars colo populo noster
355	3	5	0356	aurum rependo scilicet acer miles redeo flagitium addo damnum
356	3	5	0357	neque amitto color lana refero medico fucus nec uerus uirtus cum semel excido curo repono deterior si pugno extrico densus cerua plaga sum ille fortis qui perfidus sui credo hostis et mars poeni protero alter qui lorum restringo lacertus sentio iners timeo que mors
357	3	5	0358	hic unde uita sumo inscius pax duellum misceo o pudor o magnus carthago probrosus altus italia ruina
358	3	5	0359	fero pudicus coniux osculum paruus que natus ut caput paruus ab sui remoueo et uirilis toruus humus pono uultus donec labo consilium pater firmo auctor numquam alias do inter que maereo amicus egregius propero exsul
359	3	5	0360	atqui scio quis sui barbarus tortor paro non aliter tamen dimoueo obsto propinqui et populus reditus moror quam si cliens longus negotium diiudico lis relinquo tendo uenafranus in ager aut lacedaemonius tarentum
360	3	6	0361	delictum maiores immeritus luo romanus donec templum reficio aedes que labor deus et foedus niger simulacrum fumus
361	3	6	0362	deus tu paruus quod gero impero
362	3	6	0363	hinc omnis principium huc refero exitus deus multus negligo do hesperia malum luctuosus
363	3	6	0364	iam bis monaeses et pacorus manus inauspicatus contundo impetus noster et adicio praeda torquis exiguus renideo paene occupatus seditio deleo urbs dacus et aethiops hic classis formido ille missilis bonus sagitta
364	3	6	0365	fecundus culpa saeculum nuptiae primum inquino et genus et domus hic fons deriuo clades in patria populus que fluo
365	3	6	0366	motus doceo gaudeo ionicus maturus uirgo et fingo ars iam nunc et incestus amor de tener meditor unguis
366	3	6	0367	mox iuuenis quaero adulter inter maritus uinum neque eligo quis dono impermissus raptim gaudium lumen remoueo sed iubeo coram non sine conscius surgo maritus seu uoco institor seu nauis hispanus magister dedecus pretiosus emptor
367	3	6	0368	non hic iuuentus orior parens inficio aequor sanguis punicus pyrrhus que et ingens caedo antiochus hannibal que dirus sed rusticus masculus miles proles sabellus doctus ligo uerso gleba et seuerus mater ad arbitrium recido porto fustis sol ubi mons muto umbra et iugum demo bos fatigo amicus tempus ago abeo currus
368	3	6	0369	damnosus quis non imminuo dies
369	3	6	0370	aetas parens malus auus fero nos nequam mox do progenies uitiosus
370	3	7	0371	quis fleo asteria qui tu candidus primus restituo uer fauonius thynus merx beatus constans iuuenis fides gyges
371	3	7	0372	ille notus ago ad oricum post insanus capra sidus frigidus nox non sine multus insomnis lacrima ago
372	3	7	0373	atqui sollicitus nuntius hospita suspiro chloe et miser tuus dico ignis uro tento mille uafer modus
373	3	7	0374	ut proetus mulier perfidus credulus falsus impello crimen nimis castus bellerophontes maturo nex refero narro paene do peleus tartarus magnessus hippolyte dum fugio abstinens et pecco doceo fallax historia moueo frustra nam scopulus surdus icarus uox audio adhuc integer
374	3	7	0375	at tu ne uicinus enipeus multum iustum placeo caueo quamuis non alius flecto equus scio aeque conspicio gramen martius nec quisquam citus aeque tuscus denato alueus
375	3	7	0376	primus nox domus claudo neque in uia sub cantus querulus despicio tibia et tu saepe uoco durus difficilis maneo
376	3	8	0377	martius caelebs quis ago kalendae quis uolo flos et acerra tus plenus miror pono que carbo in caespes uiuus doctus sermo uterque lingua uoueo dulcis epulae et albus liber caper prope funero arbor ictus
377	3	8	0378	hic dies annus redeo festus cortex astringo pix dimoueo amphora fumus bibo instituo consul tullus
378	3	8	0379	sumo maecenas cyathus amicus sospes centum et uigil lucerna perfero in lux procul omnis sum clamor et ira
379	3	8	0380	mitto ciuilis super urbs cura occido dacus cotiso agmen medus infestus sui luctuosus dissideo arma seruio hispanus uetus hostis ora cantaber serus domo catena iam scythae laxus meditor arcus cedo campus
380	3	8	0381	negligens ne qua populus laboro parco priuatus nimium caueo et donum praesens capio laetus hora linquo seuera
381	3	9	0382	donec gratus sum tu nec quisquam potis brachium candidus ceruix iuuenis do persae uigeo rex beatus
382	3	9	0383	donec non alius magis ardeo neque sum lydia post chloe multus lydia nomen romanus uigeo clarus ilia
383	3	9	0384	ego nunc thraessus chloe rego dulcis doctus modus et cithara sciens pro qui non metuo morior si parco anima fatum superstes
384	3	9	0385	ego torreo fax mutuus thurinus calais filius ornytus pro qui bis patior morior si parco puer fatum superstes
385	3	9	0386	quis si priscus redeo uenus diduco que iugum cogo aeneus si flauus excutio chloe reicio que pateo ianua lydia
386	3	9	0387	quamquam sidus pulcher ille sum tu leuis cortex et improbus iracundus hadria tu cum uiuo amo tu cum obeo libens
387	3	10	0388	exter tanais si bibo lyca saeuus nubo uir ego tamen asper porrigo ante foris obicio incola ploro aquilo
388	3	10	0389	audio quis strepitus ianua quis nemus inter pulcher sero tectum remugio uentus et pono ut glacio nix purus numen iuppiter
389	3	10	0390	ingratus uenus pono superbia ne curro retro funis eo rota non tu penelope difficilis procus tyrrhenus gigno parens
390	3	10	0391	o quamuis neque tu munus nec prex nec tingo uiola pallor amans nec uir pierius pellex saucius curuo supplex tuus parco nec rigidus mollis aesculus nec maurus animus mitis anguis non hic semper sum limen aut aqua caelestis patiens latus
391	3	11	0392	mercurius nam tu docilis magister moueo amphion lapis cano tu que testudo resono septem callidus neruus nec loquax olim neque gratus nunc et diues mensa et amicus templum dico modus lyde qui obstinatus applico auris qui uelut latus equa trimus campus ludo exsultim metuo que tango nuptiae expers et adhuc proteruus crudus maritus
392	3	11	0393	tu possum tigris comes que silua duco et riuus celer moror cedo immanis tu blandior ianitor aula cerberus quamuis furialis centum munio anguis caput is atque spiritus teter sanies que mano os trilinguis quin et ixion tityus que uultus rideo inuitus sto urna paulum siccus dum gratus danaus puella carmen mulceo
393	3	11	0394	audio lyde scelus atque notus uirgo poena et inanis lympha dolium fundus pereo inferus serus que fatum qui maneo culpa etiam sub orcus impius nam quis possum magnus impius sponsus possum durus perdo ferrum
394	3	11	0395	unus de multus fax nuptialis dignus periurus sum in parens splendide mendax et in omnis uirgo nobilis aeuum surgo qui dico iuuenis maritus surgo ne longus tu somnus unde non timeo do socer et scelestus fallo soror qui uelut nanciscor uitulus leaena singulus eheu lacero ego ille mollis nec tu ferio neque intra claustrum teneo
395	3	11	0396	ego pater saeuus onero catena quod uir clemens miser parco ego uel exter numidae in ager classis relego eo pes quo tu rapio et aura dum faueo nox et uenus eo secundus omen et nos memor sepulcrum scalpo querela
396	3	12	0397	miser sum neque amor do ludus neque dulcis malum uinum lauo aut exanimo metuo patruus uerber lingua
397	3	12	0398	tu qualum cytherea puer ales tu tela operosus que minerua studium aufero neobule liparaeus nitor hebrus simul ungo tiberinus humerus lauo in unda eques ipse bonus bellerophontes neque pugnus neque segnis pes uinco catus idem per apertum fugio agito grex ceruus iaculor et celer artus latito fruticetum excipio aper
398	3	13	0399	o fons bandusia splendidus uitrum dulcis dignus merum non sine flos cras dono haedus qui frons turgidus cornu primus et uenus et proelium destino frustra nam gelidus inficio tu ruber sanguis riuus lasciuus suboles grex
399	3	13	0400	tu flagro atrox hora canicula nescio tango tu frigus amabilis fessus uomer taurus praebeo et pecus uagus
400	3	13	0401	fio nobilis tu quoque fons ego dico cauus impono ilex saxum unde loquax lympha desilio tuus
401	3	14	0402	hercules ritus modo dico o plebs mors uenalis peto laurus caesar hispanus repeto penates uictor ab ora
402	3	14	0403	unicus gaudeo mulier maritus prodeo iustus operor sacrum et soror clarus dux et decorus supplex uitta uirgo mater iuuenis que nuper sospes uos o puer et puella iam uir experior male nomino parco uerbum
403	3	14	0404	hic dies uere ego festus ater exigo cura ego nec tumultus nec morior per uis metuo teneo caesar terra
404	3	14	0405	eo peto unguentum puer et corona et cadus marsus memor duellum spartacus si quis possum uagor fallo testa
405	3	14	0406	dico et argutus propero neaera myrrheus nodus cohibeo crinis si per inuisus mora ianitor fio abeo
406	3	14	0407	lenio albesco animus capillus lis et rixa cupidus proteruus non ego hic fero calidus iuuenta consul plancus
407	3	15	0408	uxor pauper ibycus tandem nequitia figo modus tuus famosus que labor maturus propior desino funus inter ludo uirgo et stella nebula spargo candidus
408	3	15	0409	non si quis pholoe satis et tu chloris decet filia recte expugno iuuenis domus pello thyas ut concieo tympanum
409	3	15	0410	ille cogo amor nothus lasciuus similis ludo caprea tu lana prope nobilis tondeo luceria non cithara decet nec flos purpureus rosa nec poto uetula faex tenus cadus
410	3	16	0411	includo danae turris aeneus robustus que foris et uigil canis tristis excubiae munio satis nocturnus ab adulter si non acrisius uirgo abdo custos pauidus iuppiter et uenus rideo sum enim tutus iter et patens conuerto in pretium deus
411	3	16	0412	aurum per medius eo satelles et perrumpo amo saxum potens ictus fulmineus concido augur argiuus domus ob lucrum demergo exitium diffindo urbs porta uir macedo et subruo aemulus rex munus munus nauis saeuus illaqueo dux
412	3	16	0413	cresco sequor cura pecunia magnus que fames iure perhorresco late conspicuus tollo uertex maecenas eques decus
413	3	16	0414	quanto quisque sui multus nego ab deus multus fero nihil cupio nudus castra peto et transfuga diues pars linquo gestio contemptus dominus splendidus res quam si quisquis aro impiger apulus occulto meus dico horreum magnus inter ops inops
414	3	16	0415	purus riuus aqua silua que iugerum paucus et seges certus fides meus fulgeo imperium fertilis africa fallo sors beatus
415	3	16	0416	quamquam nec calaber mel fero apis nec laestrygonius bacchus in amphora languesco ego nec pinguis gallicus cresco uellus pascuum importunus tamen pauperies absum nec si multus uolo tu do denego
416	3	16	0417	contraho bene paruus cupido uectigal porrigo quam si mygdonius regnum alyattes campus continuo
417	3	16	0418	multus peto desum multus bene sum qui deus offero parcus qui satis sum manus
418	3	17	0419	aelius uetustus nobilis ab lamus quando et prior hinc lamia fero denomino et nepos per memor genus omnis fastus auctor ab ille duco origo qui formiae moenia dico princeps et inno marica litus teneo liris late tyrannus cras folium nemus multus et alga litus inutilis demitto tempestas ab eurus sterno aqua nisi fallo augur annosus cornix dum possum aridus compono lignum cras genius merum curo et porcus bimestris cum famulus opus solutus
419	3	18	0420	faunus nympha fugio amator per meus finis et apricus rus lenis incedo abeo que paruus aequus alumnus si tener plenus cado haedus annus largus nec desum uenus sodalis uinum cratera uetus ara multus fumo odor
420	3	18	0421	ludo herbosus pecus omnis campus cum tu nonae redeo december festus in pratum uaco otiosus cum bos pagus inter audax lupus erro agnus spargo agrestis tu silua frons gaudeo inuisus pello fossor ter pes terra
421	3	19	0422	quantum disto ab inachus codrus pro patria non timidus morior narro et genus aeacus et pugno sacer bellum sub ilium quis chius pretium cadus mercor quis aqua tempero ignis quis praebeo domus et quotus paelignus careo frigus taceo
422	3	19	0423	do luna propere nouus do nox medius do puer augur murena tres aut nouem misceo cyathus poculum commodus
423	3	19	0424	qui musa amo impar ternus ter cyathus attonitus peto uates tres prohibeo supra rixa metuens tango gratia nudus iungo soror insanio iuuo cur berecyntius cesso flamen tibia
424	3	19	0425	cur pendeo tacitus fistula cum lyra
425	3	19	0426	parcens ego dextera odi spargo rosa
426	3	19	0427	audio inuidus demens strepitus lycus et uicina senex non habilis lycus
427	3	19	0428	spissus tu nitidus coma purus tu similis telephus uesper tempestiuus peto rhode ego lentus glycera torreo amor meus
428	3	20	0429	non uideo quantus moueo periculum pyrrhus gaetulus catulus leaena
429	3	20	0430	durus post paulo fugio inaudax proelium raptor cum per obsto iuuenis caterua eo insignis repeto nearchus grandis certamen tu praeda cedo magnus an ille
430	3	20	0431	interim dum tu celer sagitta promo hic dens acuo timeo arbiter pugna pono nudus sub pes palma fero et lenis recreo uentus spargo odoratus humerus capillus qualis aut nireus sum aut aquosus rapio ab ida
431	3	21	0432	o nascor ego cum consul manlius seu tu querela siue gero iocus seu rixa et insanus amor seu facilis pius testa somnus quicumque lego nomen massicum seruo moueo dignus bonus dies descendo coruinus iubeo promo languidus uinum
432	3	21	0433	non ille quamquam socraticus madeo sermo tu negligo horridus narro et priscus cato saepe merum caleo uirtus
433	3	21	0434	tu lenis tormentum ingenium admoueo plerumque durus tu sapiens cura et arcanus iocosus consilium retego lyaeus tu spes reduco mens anxius uis que et addo cornu pauper post tu neque iratus tremo rex apex neque miles arma
434	3	21	0435	tu liber et si laetus assum uenus segnis que nodus soluo gratia uiuus que produco lucerna dum redeo fugo astrum phoebus
435	3	22	0436	mons custos nemus que uirgo qui laboro uterus puella ter uoco audio adimo que letum diua triformis immineo uilla tuus pinus sum qui per exigo ego laetus annus uerres obliquus meditor ictus sanguis dono
436	3	23	0437	caelum supinus si fero manus nascor luna rusticus phidyle si tus placo et hornus frux lar auidus que porca nec pestilens sentio africus fecundus uitis nec sterilis seges robigo aut dulcis alumnus pomifer grauis tempus annus
437	3	23	0438	nam qui niualis pascor algidus deuoueo quercus inter et ilex aut cresco albanus in herba uictima pontifex securis ceruix tingo tu nihil attineo tento multus caedes bidens paruus corono marinus ros deus fragilis que myrtus
438	3	23	0439	immunis ara si tango manus non sumptuosus blandus hostia mollio auersus penates far pius et salio mica
439	3	24	0440	intactus opulentus thesaurus arabes et diues india caementum licet occupo terrenum omnis tuus et mare publicus si figo adamantinus superus uertex dirus necessitas clauus non animus metus non mors laqueus expedio caput
440	3	24	0441	campester bene scythae qui plaustrum uagus rite traho domus uiuo et rigidus getae immetatus qui iugerum liber frux et ceres fero nec cultura placeo longus annuus defungor que labor aequalis recreo sors uicarius
441	3	24	0442	illic mater careo priuignus mulier tempero innocens nec dotatus rego uir coniux nec nitidus fido adulter dos sum magnus parens uirtus et metuens alter uir certus foedus castitas et pecco nefas aut pretium sum morior
442	3	24	0443	o quisquis uolo impius caedes et rabies tollo ciuicus si quaero pater urbs subscribo statua indomitus audeo refreno licentia clarus postgenitus quatenus heu nefas uirtus incolumis odi tollo ex oculus quaero inuidus
443	3	24	0444	quis tristis querimonia si non supplicium culpa recido quis lex sine mos uanus proficio si neque feruidus pars includo calor mundus nec boreas finitimus latus duro que solum nix mercator abigo horridus callidus uinco aequor nauta magnus pauperies opprobrium iubeo quiuis et facio et patior uirtus que uia desero arduus
444	3	24	0445	uel nos in capitolium quo clamor uoco et turba faueo uel nos in mare propior gemma et lapis aurum et inutilis superus materies malum mitto scelus si bene paeniteo
445	3	24	0446	erado cupido prauus sum elementa et tener nimis mens asper formo studium
446	3	24	0447	nescio equus rudis haereo ingenuus puer uenor que timeo ludo doctus seu graecus iubeo trochus seu malo ueto lex alea cum periurus pater fides consors socius fallo et hospes indignus que pecunia heres propero
447	3	24	0448	scilicet improbus cresco diuitiae tamen curtus # nescioquis semper absum res
448	3	25	0449	quo ego bacchus rapio tu plenus
449	3	25	0450	quis nemus aut quis ago in specus uelox mens nouus
450	3	25	0451	quis antrum egregius caesar audio aeternus meditor decus stella insero et consilium iuppiter
451	3	25	0452	dico insignis recens adhuc indictus os alius
452	3	25	0453	non secus in iugum exsomnis stupeo euhyas hebrus prospicio et nix candidus thraca ac pes barbarus lustro rhodope ut ego deuius ripa et uacuus nemus miror libet
453	3	25	0454	o nais potens baccha que ualeo procerus manus uerto fraxinus nihil paruus aut humilis modus nihil mortalis loquor
454	3	25	0455	dulcis periculum sum o lenaeus sequor deus cingo uiridis tempus pampinus
455	3	26	0456	uiuo puella nuper idoneus et milito non sine gloria nunc arma defungor que bellum barbitos hic paries habeo laeuus marinus qui uenus latus custodio hic hic pono lucidus funale et uectis et arcus oppono foris minax
456	3	26	0457	o qui beatus diua teneo cyprus et memphis careo sithonius nix regina sublimis flagellum tango chloe semel arrogo
457	3	27	0458	impius parra recino omen duco et praegnans canis aut ab ager rauus decurro lupa lanuuinus fetus que uulpes rumpo et serpens iter instituo si per obliquum similis sagitta terreo mannus
458	3	27	0459	ego qui timeo prouidus auspex antequam sto repeto palus imber diuinus auis immineo oscen coruus prex suscito sol ab ortus
459	3	27	0460	sum licet felix ubicumque malo et memor nos galatea uiuo tu que nec laeuus ueto eo picus nec uagus cornix
460	3	27	0461	sed uideo quantus trepido tumultus pronus orion
461	3	27	0462	ego quis sum ater hadria nosco sinus et quis albus pecco iapyx
462	3	27	0463	hostis uxor puer que caecus sentio motus orior auster et aequor niger fremitus et tremo uerber ripa
463	3	27	0464	sic et europa niueus dolosus credo taurus latus et scateo bellua pontus medius que fraus palleo audax
464	3	27	0465	nuper in pratum studiosus flos et debeo nympha opifex corona nox sublustris nihil astrum praeter uideo et unda
465	3	27	0466	qui simul centum tango potens oppidum creta pater o relinquo filia nomen pietas que dico uinco furor
466	3	27	0467	unde quo uenio
467	3	27	0468	leuis unus mors sum uirgo culpa
468	3	27	0469	uigilo ne ploro turpis commissum an uitium careo ludo imago uanus qui porta fugio eburneus somnium duco
469	3	27	0470	bonus ne fluctus eo per longus sum an recens carpo flos
470	3	27	0471	si quis infamis ego nunc iuuencus dedo irascor lacero ferrum et frango enitor modo multum amo cornu monstrum
471	3	27	0472	impudens linquo patrius penates impudens orcus moror
472	3	27	0473	o deus si quis hic audio utinam inter erro nudus leo antequam turpis macies decens occupo mala tener que sucus defluo praeda speciosus quaero pasco tigris
473	3	27	0474	uilis europa pater urgeo absum quis morior cesso
474	3	27	0475	possum hic ab ornus pendulus zona bene tu sequor laedo collum
475	3	27	0476	siue tu rupes et acutus letum saxum delecto age tu procella credo uelox nisi herilis malo carpo pensum regius sanguis domina que trado barbarus pellex
476	3	27	0477	assum queror perfidum rideo uenus et remitto filius arcus
477	3	27	0478	mox ubi ludo satis abstineo dico ira calidus que rixa cum tu inuisus lacero reddo cornu taurus
478	3	27	0479	uxor inuictus iuppiter sum nescio
479	3	27	0480	mitto singultus bene fero magnus disco fortuna tuus seco orbis nomen duco
480	3	28	0481	festus quis potis dies neptunus facio
481	3	28	0482	promo recondo lyde strenuus caecubum munio que adhibeo uis sapientia
482	3	28	0483	inclino meridies sentio et uelut sto uolucer dies parco deripio horreum cesso bibulus consul amphora
483	3	28	0484	nos canto inuicem neptunus et uiridis nereis coma tu curuus recino lyra latona et celer spiculum cynthia superus carmen qui cnidus fulgens que teneo cyclas et paphus iungo uiso olor dico mereor nox quoque nenia
484	3	29	0485	tyrrhenus rex progenies tu non ante uerto lenis merum cadus cum flos maecenas rosa et premo tuus balanus capillus iamdudum apud ego sum eripio tu mora ne semper udus tibur et aefula decliuis contemplor aruum et telegonus iugum parricida
485	3	29	0486	fastidiosus desero copia et moles propinquus nubes arduus omitto miror beatus fumus et ops strepitus que roma
486	3	29	0487	plerumque gratus diues uicis mundus que paruus sub lar pauper cena sine aulaeum et ostrum sollicitus explico frons
487	3	29	0488	iam clarus occulo andromeda pater ostendo ignis iam procyon furo et stella uesanus leo sol dies refero siccus iam pastor umbra cum grex languidus riuus que fessus quaero et horridus dumetum siluanus careo que ripa uagus taciturnus uentus tu ciuitas quis decet status curo et urbs sollicitus timeo quis seres et regno cyrus bactra paro tanais que discors
488	3	29	0489	prudens futurus tempus exitus caliginosus nox premo deus rideo que si mortalis ultra fas trepido
489	3	29	0490	qui assum memini compono aequus cetera flumen ritus fero nunc medius alueus cum pax delabor etruscus in mare nunc lapis adedo stirps que rapio et pecus et domus uoluo una non sine mons clamor uicinus que silua cum ferus diluuies quietus irrito amnis
490	3	29	0491	ille potens sui laetus que dego qui licet in dies dico uiuo
491	3	29	0492	cras uel ater nubes polus pater occupo uel sol purus non tamen irritus quicumque retro sum efficio neque diffingo infectus que reddo qui fugio semel hora ueho
492	3	29	0493	fortuna saeuus laetus negotium et ludus insolens ludo pertinax transmuto incertus honor nunc ego nunc alius benignus
493	3	29	0494	laudo maneo si celer quatio penna resigno qui do et meus uirtus ego inuoluo probus que pauperies sine dos quaero
494	3	29	0495	non sum meus si mugio africus malus procella ad miser prex decurro et uotum paciscor ne cyprius tyrius que merx addo auarus diuitiae mare tunc ego biremis praesidium scapha tutus per aegaeus tumultus aura fero geminus que pollux
495	3	30	0496	exigo monumentum aes perennis regalis que situs pyramis altus qui non imber edax non aquilo impotens possum diruo aut innumerabilis annus series et fuga tempus
496	3	30	0497	non omnis morior multus que pars ego uito libitina usque ego posterus cresco laus recens dum capitolium scando cum tacitus uirgo pontifex dico qua uiolens obstrepo aufidus et qua pauper aqua daunus agrestis regno populus ex humilis potens princeps aeolius carmen ad italus deduco modus
497	3	30	0498	sumo superbia quaero meritum et ego delphicus laurus cingo uolens melpomene coma
498	4	1	0499	intermitto uenus diu rursus bellum moueo
499	4	1	0500	parco precor precor
500	4	1	0501	non sum qualis sum bonus sub regnum cinara
501	4	1	0502	desino dulcis mater saeuus cupido circa lustrum decem flecto mollis iam durus imperium abeo quo blandus iuuenis tu reuoco prex
502	4	1	0503	tempestiue in domus paulus purpureus ales olor comissor maximus si torreo iecur quaero idoneus
503	4	1	0504	namque et nobilis et decens et pro sollicitus non tacitus reus et centum puer ars late signum fero militia tuus et quandoque potens largus munus rideo aemulus albanus prope tu lacus pono marmoreus sub trabs citreus
504	4	1	0505	illic multus naris duco tus lyra que et berecyntius delecto tibia misceo carmen non sine fistula illic bis puer dies numen cum tener uirgo tuus laudo pes candidus in mos salius ter quatio humus
505	4	1	0506	ego nec femina nec puer iam nec spes animus credulus mutuus nec certo iuuo merum nec uincio nouus tempus flos
506	4	1	0507	sed cur heu ligurinus cur mano rarus meus lacrima per gena
507	4	1	0508	cur facundus parum decorus inter uerbum cado lingua silentium
508	4	1	0509	nocturnus ego somnium iam capio teneo iam uolucer sequor tu per gramen martius campus tu per aqua durus uolubilis
509	4	2	0510	pindarus quisquis studeo aemulor iullus cero ops daedaleus nitor penna uitreus do nomen pontus
510	4	2	0511	mons decurro uelut amnis imber qui super notus alo ripa ferueo immensus que ruo profundus pindarus os laurea dono apollinaris seu per audax nouus dithyrambus uerbum deuoluo numerus que fero lex solutus seu deus rex que cano deus sanguis per qui cado iustus mors centaurus cado tremendus flamma chimaera siue qui eleus domus reduco palma caelestis pugil ue equus ue dico et centum potis signum munus dono flebilis sponsa iuuenis ue rapio ploro et uis animus que mos que aureus educo in astrum niger que inuideo orcus
511	4	2	0512	multus dircaeus leuo aura cycnus tendo antonius quotiens in altus nubes tractus ego apis matinus mos modus que gratus carpo thymum per labor multus circa nemus uuidus que tibur ripa operosus paruus carmen fingo
512	4	2	0513	concino magnus poeta plectrum caesar quandoque traho ferox per sacer cliuus meritus decorus frons sugambri qui nihil magnus bonus ue terra fatum dono bonus que diuus nec do quamuis redeo in aurum tempus priscus concino laetus que dies et urbs publicus ludus super impetro fortis augustus reditus forum que lis orbus
513	4	2	0514	tum meus si quis loquor audio uox accedo bonus pars et o sol pulcher o laudo cano recipio caesar felix
514	4	2	0515	tu que dum procedo io triumphus non semel dico io triumphus ciuitas omnis do que diuus tus benignus
515	4	2	0516	tu decem taurus totidem que uacca ego tener soluo uitulus relinquo mater qui largus iuuenesco herba in meus uotum frons curuo imitor ignis tertius luna refero ortus qua nota duco niueus uideo cetera fuluus
516	4	3	0517	qui tu melpomene semel nascor placidus lumen uideo ille non labor isthmius claro pugil non equus impiger currus duco achaicus uictor neque res bellicus delius orno folium dux quod rex tumidus contundo minae ostendo capitolium sed qui tibur aqua fertilis praefluo et spissus nemus coma fingo aeolius carmen nobilis
517	4	3	0518	roma princeps urbs dignor suboles inter amabilis uates pono ego chorus et iam dens parum mordeo inuidus
518	4	3	0519	o testudo aureus dulcis qui strepitus pieris tempero o mutus quoque piscis dono cycnus si libet sonus totus munus hic tuus sum quod monstro digitus praetereo romanus fidicen lyra quod spiro et placeo si placeo tuus sum
519	4	4	0520	qualis minister fulmen ales qui rex deus regnum in auis uagus permitto experior fidelis iuppiter in ganymedes flauus olim iuuentas et patrius uigor nidus labor propello inscius uernus que iam nimbus remoueo insolitus doceo nisus uentus paueo mox in ouile demitto hostis uiuidus impetus nunc in reluctor draco ago amor daps atque pugna qualis ue laetus caprea pascuum intentus fuluus mater ab uber iam lac depello leo dens nouus pereo uideo uideo raeti bellum sub alpes drusus gero uindelici qui mos unde deduco per omnis tempus amazonius securis dextera obarmo quaero differo nec scio fas sum omnis sed diu late que uictrix caterua consilium iuuenis reuinco sentio quis mens rite quis indoles nutrio faustus sub penetrale possum quis augustus paternus in puer animus nero
520	4	4	0521	fortis creo fortis et boni sum in iuuencus sum in equus pater uirtus neque imbellis ferox progenero aquila columba
521	4	4	0522	doctrina sed uis promoueo insitus rectum que cultus pectus roboro utcumque deficio mos indecoro bene natus culpa
522	4	4	0523	quis debeo o roma nero testis metaurum flumen et hasdrubal deuinco et pulcher fugo ille dies latium tenebrae qui primus almus rideo adorea dirus per urbs afer ut italus ceu flamma per taeda uel eurus per siculus equito unda
523	4	4	0524	post hic secundus usque labor romanus pubes cresco et impius uasto poeni tumultus fanum deus habeo rectus dico que tandem perfidus hannibal ceruus lupus praeda rapax sector ultro qui opimus fallo et effugio sum triumphus
524	4	4	0525	gens qui cremo fortis ab ilium iacto tuscus aequor sacrum natus que maturus que pater perfero ausonius ad urbs durus ut ilex tondeo bipennis niger ferax frons in algidus per damnum per caedes ab ipse duco ops animus que ferrum
525	4	4	0526	non hydra seco corpus firmus uinco doleo cresco in hercules monstrum ue submitto colchi magnus echionius ue thebae
526	4	4	0527	merso profundum pulcher euenio luctor multus proruo integer cum laus uictor gero que proelium coniux loquor
527	4	4	0528	carthago iam non ego nuntius mitto superbus occido occido spes omnis et fortuna noster nomen hasdrubal interimo
528	4	4	0529	nihil claudius non perficio manus qui et benignus numen iuppiter defendo et cura sagax expedio per acutum bellum
529	4	5	0530	diuus orior bonus bonus romulus custos gens absum iam nimium diu maturus reditus polliceor pater sanctus concilium redeo
530	4	5	0531	lux reddo tuus dux bonus patria
531	4	5	0532	instar uer enim uultus ubi tuus affulgeo populus gratus eo dies et sol bene niteo
532	4	5	0533	ut mater iuuenis qui notus inuidus flatus carpathius trans mare aequor cunctor spatium longe annuus dulcis distineo ab domus uotum omen que et prex uoco curuus nec facies litus dimoueo sic desiderium ico fidelis quaero patria caesar
533	4	5	0534	tutus bos etenim rus perambulo nutrio rus ceres almus que faustitas pacatus uolito per mare nauta culpo metuo fides nullus polluo castus domus stuprum mos et lex maculosus edomo nefas laudo similis proles puerpera culpa poena premo comes
534	4	5	0535	quis parthus paueo quis gelidus scythes quis germania qui horridus parturio fetus incolumis caesar
535	4	5	0536	quis ferus bellum curo hiberia
536	4	5	0537	condo quisque dies collis in suus et uitis uiduus duco ad arbor hinc ad uinum redeo laetus et alter tu mensa adhibeo deus
537	4	5	0538	tu multus prex tu prosequor merum defundo patera et lar tuus misceo numen ut graecia castor et magnus memor hercules
538	4	5	0539	longus o utinam dux bonus feriae praesto hesperia dico integer siccus mane dies dico uuidus cum sol oceanus subsum
539	4	6	0540	diuus qui proles niobeus magnus uindex lingua tityus que raptor sentio et troia prope uictor altus phthius achilles ceteri magnus tu miles impar filius quamuis thetis marinus dardanus turris quatio tremo cuspis pugnax ille mordax uelut ico ferrum pinus aut impello cupressus eurus procido late pono que collum in puluis teucer ille non includo equus minerua sacrum mentior male feriatus troes et laetus priamus chorea fallo aula sed palam capio grauis heu nefas heu nescius for puer achiuus uro flamma etiam lateo mater in aluus ni tuus flecto uenus que gratus uox diuus pater annuo res aeneas potis duco ales murus doctor argutus fidicen thalia phoebus qui xanthus lauo amnis crinis daunius defendo decus camena leuis agyieus
540	4	6	0541	spiritus phoebus ego phoebus ars carmen nomen que do poeta uirgo primus puer que clarus pater orior delius tutela dea fugax lynx et ceruus cohibeo arcus lesbius seruo pes meus que pollex ictus rite latona puer cano rite cresco fax noctiluca prosper frux celer que pronus uoluo mensis
541	4	6	0542	nubo iam dico ego deus amicus saeculum festus refero lux reddo carmen docilis modus uates horatius
542	4	7	0543	diffugio nix redeo iam gramen campus arbor que coma muto terra uicis et decresco ripa flumen praetereo
543	4	7	0544	gratia cum nympha geminus que soror audeo duco nudus chorus
544	4	7	0545	immortalis ne spero moneo annus et almus qui rapio hora dies
545	4	7	0546	frigus mitesco zephyrus uer protero aestas intereo simul pomifer autumnus frux effundo et mox bruma recurro iners
546	4	7	0547	damnum tamen celer reparo caelestis luna nos ubi decido quo pius aeneas qui diues tullus et ancus puluis et umbra sum
547	4	7	0548	quis scio an adicio hodiernus crastinus summa tempus deus superus
548	4	7	0549	cunctus manus auidus fugio heres amicus qui do animus
549	4	7	0550	cum semel occido et de tu splendidus minos facio arbitrium non torquatus genus non tu facundia non tu restituo pietas
550	4	7	0551	infernus neque enim tenebrae diana pudicus libero hippolytus nec lethaeus ualeo theseus abrumpo carus uinculum pirithous
551	4	8	0552	dono patera gratus que commodus censorinus meus aes sodalis dono tripus praemium fortis graii neque tu malus munus fero diues ego scilicet ars qui aut parrhasius profero aut scopas hic saxum liquidus ille color sollers nunc homo pono nunc deus
552	4	8	0553	sed non hic ego uis nec tu talis res sum aut animus delicia egens gaudeo carmen carmen possum dono et pretium dico munus
553	4	8	0554	non incido nota marmor publicus per qui spiritus et uita redeo bonus post mors dux non celer fuga reicio que retrorsum hannibal minae non incendium carthago impius is qui domo nomen ab africa lucror redeo clare indico laus quam calaber pierides neque si charta sileo qui bene facio merces fero
554	4	8	0555	quis sum ilia mauors que puer si taciturnitas obsto meritum inuidus romulus
555	4	8	0556	eripio stygius fluctus aeacus uirtus et fauor et lingua potens uates diues consecro insula
556	4	8	0557	dignus laus uir musa ueto morior caelum musa beo
557	4	8	0558	sic iuppiter intersum opto epulae impiger hercules clarus tyndaridae sidus ab inferus quassus eripio aequor ratis ornatus uiridis tempus pampinus liber uotum bonus duco ad exitus
558	4	9	0559	ne forte credo intereo qui longe sono nascor ad aufidus non ante uulgo per ars uerbum loquor socio chorda non si prior maeonius teneo sedes homerus pindaricus lateo ceus que et alcaeus minax stesichorus que grauis camenae nec si quis olim ludo anacreon deleo aetas spiro adhuc amor uiuo que committo calor aeolius fides puella
559	4	9	0560	non solus como ardeo adulter crinis et aurum uestis illino miror regalis que cultus et comes helena lacaenus primus ue teucer telum cydonius dirigo arcus non semel ilios uexo non pugno ingens idomeneus sthenelus ue solus dico musa proelium non ferox hector uel acer deiphobus grauis excipio ictus pro pudicus coniux puer que primus
560	4	9	0561	uiuo fortis ante agamemnon multus sed omnis illacrimabilis urgeo ignotus que longus nox careo quia uates sacer
561	4	9	0562	paulum sepelio disto inertia celo uirtus
562	4	9	0563	non ego tu meus charta inornatus sileo tot ue tuus patior labor impune lollius carpo liuidus obliuio sum animus tu res que prudens et secundus tempus dubius que rectus uindex auarus fraus et abstineo duco ad sui cunctus pecunia consul que non unus annus sed quotiens bonus atque fidus iudex honestum praefero utilis reicio altus donum nocens uultus per obsto caterua explico suus uictor arma
563	4	9	0564	non possideo multus uoco recte beatus recte occupo nomen beatus qui deus munus sapienter utor durus que calleo pauperies patior malus que letum flagitium timeo non ille pro carus amicus aut patria timidus pereo
564	4	10	0565	o crudelis adhuc et uenus munus potens insperatus tuus cum uenio pluma superbia et qui nunc humerus inuolito decido coma nunc et qui color sum puniceus flos prior rosa muto ligurinus in facies uerto hispidus dico heu quotiens tu speculum uideo alter qui mens sum hodie cur idem non puer sum uel cur hic animus incolumis non redeo gena
565	4	11	0566	sum ego nonus superans annus plenus albanum cadus sum in hortus phyllis necto apium corona sum hedera uis multus qui crinis religo fulgo rideo argentum domus ara castus uincio uerbena aueo immolo spargo agnus cunctus festino manus huc et illuc cursito misceo puer puella sordidus flamma trepido roto uertex fumus
566	4	11	0567	ut tamen nosco qui aduoco gaudium idus tu sum ago qui dies mensis uenus marinus findo aprilis iure sollemnis ego sanctus que paene natalis proprius quod ex hic lux maecenas meus affluo ordino annus
567	4	11	0568	telephus qui tu peto occupo non tuus sors iuuenis puella diues et lasciuus teneo que gratus compes uincio
568	4	11	0569	terreo amburo phaethon auarus spes et exemplum grauis praebeo ales pegasus terrenus eques grauor bellerophontes semper ut tu dignus sequor et ultra quam licet spero nefas puto dispar uito
569	4	11	0570	age iam meus finis amor non enim posthac alius caleo femina condisco modus amo uox qui reddo minuo ater carmen cura
570	4	12	0571	iam uer comes qui mare tempero impello anima linteum thracius iam nec pratum rigeo nec fluuius strepo hibernus nix turgidus
571	4	12	0572	nidus pono itys flebiliter gemo infelix auis et cecropius domus aeternus opprobrium quod male barbarus rex _sum ulciscor libido
572	4	12	0573	dico in tener gramen pinguis custos ouis carmen fistula delecto que deus qui pecus et niger collis arcadia placeo
573	4	12	0574	adduco sitis tempus uergilius
574	4	12	0575	sed premo cales duco liber si gestio iuuenis nobilis cliens nardus uinum mereor
575	4	12	0576	nardus paruus onyx elicio cadus qui nunc sulpicius accubo horreum spes dono nouus largus amara que cura eluo efficax
576	4	12	0577	ad qui si propero gaudium cum tuus uelox merx uenio non ego tu meus immunis meditor tingo poculum plenus diues ut in domus
577	4	12	0578	uerum pono mora et studium lucrum niger que memor dum licet ignis misceo stultitia consilium breuis dulcis sum desipio in locus
578	4	13	0579	audio lyca deus meus uotum deus audio lyca fio anus et tamen uolo formosus uideo ludo que et bibo impudens et cantus tremulus poto cupido lentus sollicito ille uirens et doctus psallo chia pulcher excubo in gena
579	4	13	0580	importunus enim transuolo aridus quercus et refugio tu quia luridus dens tu quia ruga turpo et caput nix
580	4	13	0581	nec cous refero iam tu purpura nec carus lapis tempus qui semel notus condo fasti includo uolucer dies
581	4	13	0582	quo fugio uenus heu quo ue color decens quo motus
582	4	13	0583	quis habeo ille ille qui spiro amor qui ego surripio ego felix post cinara notus que et ars gratus facies
583	4	13	0584	sed cinara breuis annus fatum do seruo diu par cornix uetulus tempus lyca possum ut iuuenis uiso feruidus multus non sine risus dilabor in cinis fax
584	4	14	0585	quis cura pater quis ue quiris plenus honor munus tuus augustus uirtus in aeuum per titulus memor que fastus aeterno o qua sol habitabilis illustro ora magnus princeps qui lex expers latinus uindelici disco nuper quis mars possum
585	4	14	0586	miles nam tuus drusus genauni implacidus genus breuni que uelox et arx alpes impono tremendus deicio acer multum uicis simplex magnus nero mox grauis proelium committo immanis que raeti auspicium pello secundus specto in certamen martius deuoueo mors pectus liber quantus fatigo ruina indomitus prope qualis unda exerceo auster pleiades chorus scindo nubes impiger hostis uexo turma et fremo mitto equus medius per ignis
586	4	14	0587	sic tauriformis uoluo aufidus qui regnum daunus praefluo apulus cum saeuio horrendus que colo diluuies meditor ager ut barbarus claudius agmen ferratus uastus diruo impetus primus que et exter meto sterno humus sine clades uictor tu copia tu consilium et tuus praebeo diuus
587	4	14	0588	nam tu qui dies portus alexandria supplex et uacuus patefacio aula fortuna lustrum prosper tertius bellum secundus reddo exitus laus que et opto perago imperium decus arrogo
588	4	14	0589	tu cantaber non ante domabilis medus que et indus tu profugus scythes miror o tutela praesens italia domina que roma
589	4	14	0590	tu fons qui celo origo nilus que et hister tu rapidus tigris tu belluosus qui remotus obstrepo oceanus britanni tu non paueo funus gallia durus que tellus audio hiberia tu caedes gaudeo sugambri compono ueneror arma
590	4	15	0591	phoebus uolens proelium ego loquor uinco et urbs increpo lyra ne paruus tyrrhenus per aequor uelum do
591	4	15	0592	tuus caesar aetas frux et ager refero uber et signum noster restituo iuppiter deripio parthi superbus postis et uacuus duellum ianus quirinus claudo et ordo rectus euagor frenum licentia inicio emoueo que culpa et uetus reuoco ars per qui latinus nomen et italus cresco uis fama que et imperium porrigo maiestas ad ortus sol ab hesperius cubile
592	4	15	0593	custos res caesar non furor ciuilis aut uis exigo otium non ira qui procudo ensis et miser inimico urbs non qui profundus danubius bibo edictum rumpo iulius non getae non seres infidus que persae non tanais prope flumen orior nos que et profestus lux et sacer inter iocosus munus liber cum proles matrona que noster rite deus prius apprecor uirtus fungor mos pater dux lydus remisceo carmen tibia troia que et anchises et almus progenies uenus cano
